Championship,Team A,Team B,Score,Time
الدوري الإسباني,ريال بيتيس,برشلونة,1 - 2,22:00
الدوري الإسباني,جيرونا,اسبانيول,2 - 1,14:00
الدوري الإسباني,أتلتيك بلباو,خيتافي,0 - 0,16:15
الدوري الإسباني,قادش,اشبيلية,0 - 2,18:30
الدوري الإسباني,إلتشي,برشلونة,0 - 4,21:00
دوري أبطال أفريقيا,بترو أتليتكو,فيتا كلوب,1 - 0,18:00
دوري أبطال أفريقيا,الأهلي,الهلال السوداني,3 - 0,21:00
دوري أبطال أفريقيا,ماميلودي صنداونز,القطن الكاميروني,2 - 1,21:00
دوري أبطال أفريقيا,الوداد البيضاوي,شبيبة القبــــائل,3 - 0,23:59
دوري أبطال أفريقيا,الترجى الرياضي,شباب بلوزداد,0 - 0,23:59
الدوري الإسباني,مايوركا,أتلتيك بلباو,1 - 1,20:00
الدوري الإسباني,اشبيلية,جيرونا,0 - 2,22:00
بطولة أمم أفريقيا تحت 23,النيجر الأولمبي,مالي الأولمبي,0 - 2,23:00
بطولة أمم أفريقيا تحت 23,الجابون الأولمبي,مصر الأولمبي,0 - 2,23:00
مباريات ودية -أندية,باريس سان جيرمان,إنتر ميلان,1 - 2,13:00
الدوري الإنجليزي,لوتون تاون,وست هام يونايتد,1 - 2,22:00
الدوري الإسباني,قادش,فياريال,3 - 1,20:30
الدوري الإسباني,الميريا,سيلتا فيجو,2 - 3,23:00
الدوري السعودي,الفيحاء,الرائد,0 - 0,18:00
الدوري السعودي,الطــائي,أبها,1 - 0,18:00
الدوري السعودي,الرياض,الأخدود,0 - 1,21:00
الدوري السعودي,الاتحاد,الهلال,3 - 4,21:00
الدوري الإيطالي,ساسولو,هيلاس فيرونا,3 - 1,19:30
الدوري الإيطالي,روما,ميلان,1 - 2,21:45
الدوري الألماني,بروسيا دورتموند,هايدنهايم,2 - 2,21:30
الدوري الفرنسي,نانت,مارسيليا,1 - 1,22:00
الدوري المغربي,الشباب الرياضي السالمي,حسنية اغادير,1 - 0,23:30
الدوري التركي,قاسم باشا,طرابزون سبور,1 - 5,21:00
الدوري التركي,ريزه سبور,فاتح كاراجومروك,1 - 0,21:00
الدوري البرتغالي,فيزيلا,جل فيسنتي,1 - 0,22:15
دوري نجوم قطر,الأهلي القطري,الغرافة,1 - 4,18:15
دوري نجوم قطر,ام صلال,نادي قطر,2 - 2,20:15
دوري نجوم قطر,معيذر,المرخية الرياضي,5 - 2,20:15
البطولة العربية للأندية لكرة السلة,الأهلي,دجلة الجامعة العراقي,92 - 77,13:00
البطولة العربية للأندية لكرة السلة,الأهلي القطري,نادي دينامو,63 - 93,14:00
البطولة العربية للأندية لكرة السلة,نادي اتحاد الجزائر,نادي السيب,81 - 57,15:30
البطولة العربية للأندية لكرة السلة,نادي مجد طنجة,بيروت اللبناني,70 - 95,16:30
البطولة العربية للأندية لكرة السلة,نادي القادسية,نادي الفتح,79 - 62,18:00
البطولة العربية للأندية لكرة السلة,نادي خدمات البريج,نادي قطر,70 - 87,19:30
بطولة إفريقيا للأندية لكرة اليد,ريد ستار,أدجيدجا,27 - 31,16:00
بطولة إفريقيا للأندية لكرة اليد,نزيكو الكاميروني,بترو سبورت,24 - 27,18:00
تصفيات الأولمبياد - كرة طائرة,كوبا,أوكرانيا,3 - 0,02:30
تصفيات الأولمبياد - كرة طائرة,سلوفينيا,تركيا,3 - 0,04:00
تصفيات الأولمبياد - كرة طائرة,الارجنتين,كندا,1 - 3,05:00
تصفيات الأولمبياد - كرة طائرة,صربيا,تونس‎,3 - 0,07:00
تصفيات الأولمبياد - كرة طائرة,هولندا,المكسيك,3 - 0,08:00
تصفيات الأولمبياد - كرة طائرة,الولايات المتحدة,فنلندا,3 - 0,10:00
تصفيات الأولمبياد - كرة طائرة,بولندا,بلغاريا,3 - 0,11:00
تصفيات الأولمبياد - كرة طائرة,اليابان,مصر,2 - 3,13:25
تصفيات الأولمبياد - كرة طائرة,الصين,بلجيكا,1 - 3,14:30
تصفيات الأولمبياد - كرة طائرة,البرازيل,التشيك,3 - 2,16:00
تصفيات الأولمبياد - كرة طائرة,كوبا,ألمانيا,1 - 3,19:30
تصفيات الأولمبياد - كرة طائرة,إيطاليا,قطر,3 - 0,23:00
الكونفيدرالية الإفريقية,ديابل نوار,مايسترو يونايتد,2 - 0,17:30
الكونفيدرالية الإفريقية,سانت إيلوي لوبوبو,سيخوخون يونايتد,1 - 1,17:30
الكونفيدرالية الإفريقية,ريفرز يونايتد,ايتوال فيلانتي,2 - 0,18:00
الكونفيدرالية الإفريقية,الافريقي التونسي,بحر دار كينيما,3 - 0,18:00
الكونفيدرالية الإفريقية,مودرن فيوتشر,سينجيدا بيج ستارز,4 - 1,18:00
الكونفيدرالية الإفريقية,أكاديميكا لوبيتو,المريخ جوبا,3 - 0,21:00
الكونفيدرالية الإفريقية,اتحاد العاصمة,الفتح الرباطي,0 - 0,22:00
دوري أبطال أفريقيا,سيمبا,باور ديناموز,1 - 1,16:00
دوري أبطال أفريقيا,أسيك أبيدجـــــان,أهلي بنغازي,2 - 1,19:00
دوري أبطال أفريقيا,إف سي نواذيبو,ريال باماكو,1 - 1,20:00
دوري أبطال أفريقيا,الهلال السوداني,أول أغسطس,2 - 1,21:00
الدوري الإنجليزي,نوتينجهام فورست,برينتفورد,1 - 1,16:00
الدوري الإسباني,الميريا,غرناطه,3 - 3,15:00
الدوري الإسباني,ألافيس,أوساسونا,0 - 2,17:15
الدوري الإسباني,ريال بيتيس,فالنسيا,3 - 0,22:00
الدوري الإسباني,اتلتيكو مدريد,قادش,3 - 2,22:00
الدوري الإيطالي,بولونيا,إمبولي,3 - 0,13:30
الدوري الإيطالي,أودينيزي,جنوى,2 - 2,16:00
الدوري الإيطالي,أتالانتا,يوفنتوس,0 - 0,19:00
الدوري الإيطالي,روما,فروزينوني,2 - 0,21:45
الدوري الألماني,دارمشتات,فيردر بريمن,4 - 2,16:30
الدوري الألماني,فرايبورج,أوجسبورج,2 - 0,18:30
الدوري الفرنسي,ريمس,ليون,2 - 0,14:00
الدوري الفرنسي,نيس,بريست,0 - 0,16:00
الدوري الفرنسي,تولوز,ميتز,3 - 0,16:00
الدوري الفرنسي,لوهافر,ليل,0 - 2,16:00
الدوري الفرنسي,لوريان,مونبيليه,0 - 3,18:05
الدوري الفرنسي,رين,نانت,3 - 1,21:45
الدوري المغربي,حسنية اغادير,الرجاء البيضاوي,1 - 1,18:00
الدوري المغربي,يوسفية برشيد,مولودية وجدة,0 - 0,20:15
الدوري المغربي,المغرب الفاسي,الشباب الرياضي السالمي,3 - 0,20:15
الدوري المغربي,الاتحاد التوركي,اتحاد طنجة,2 - 2,22:30
دوري القسم الثاني-أ,غزل المحلة,حرس الحدود,1 - 1,16:00
الدوري التركي,فاتح كاراجومروك,قاسم باشا,2 - 3,13:30
الدوري التركي,فنربخشة,ريزه سبور,5 - 0,16:00
الدوري التركي,قونيا سبور,بشكتاش,0 - 2,19:00
الدوري التركي,أضنة دمير سبور,ألانيا سبور,4 - 0,19:00
الدوري البرتغالي,أروكا,شافيش,0 - 2,17:30
الدوري البرتغالي,فيتوريا جيماريش,إستوريل,3 - 2,20:00
الدوري البرتغالي,ريو آفي,موريرنسي,0 - 4,22:30
دوري القسم الثاني-أ,طنطا‏,بروكسي,4 - 0,14:30
كأس ألمانيا,بروسيا دورتموند,هوفنهايم,1 - 0,19:00
كأس ألمانيا,ساربروكن,بايرن ميونيخ,2 - 1,21:45
كأس ألمانيا,فيكتوريا كولن,آ. فرانكفورت,0 - 2,21:45
الدوري المصري,الداخلية,بلدية المحلة,0 - 0,16:00
الدوري المصري,إنبي,المصري,1 - 2,16:00
الدوري المصري,البنك الاهلي,سيراميكا كليوباترا,0 - 1,19:00
دوري أبطال أفريقيا,الهلال السوداني,الترجى الرياضي,3 - 1,18:00
دوري أبطال أفريقيا,ميدياما,شباب بلوزداد,2 - 1,18:00
الدوري الإسباني,لاس بالماس,خيتافي,2 - 0,22:00
الدوري السعودي,الفيحاء,ضمك,2 - 4,17:00
الدوري السعودي,الهلال,النصر,3 - 0,20:00
الدوري الإيطالي,مونزا,يوفنتوس,1 - 2,21:45
الدوري الألماني,دارمشتات,كولن,0 - 1,21:30
الدوري الفرنسي,ريمس,ستراسبورج,2 - 1,22:00
الدوري التركي,فاتح كاراجومروك,إسطنبول سبور,3 - 0,19:00
الدوري التركي,هاتاي سبور,انطاليا سبور,3 - 3,19:00
الدوري البرتغالي,شافيش,فيزيلا,2 - 1,22:30
دوري نجوم قطر,المرخية الرياضي,العربي,0 - 4,16:30
دوري نجوم قطر,السد القطري,الشمال,4 - 0,18:30
دوري نجوم قطر,الدحيل,ام صلال,0 - 1,18:30
الدوري الإماراتي,عجمان,حتا,1 - 1,14:45
الدوري الإماراتي,نادي الامارات,اتحاد كلباء,2 - 4,14:45
الدوري الإماراتي,النصر الإماراتي,الوحـــدة,1 - 1,17:30
الدوري المصري,بيراميدز,مودرن فيوتشر,- - -,19:00
الدوري المصري,طلائع الجيش,المصري,- - -,19:00
الدوري الإنجليزي,كريستال بالاس,مانشستر يونايتد,- - -,22:00
الدوري السعودي,أهلي جدة,الهلال,- - -,21:00
الدوري الإيطالي,ساليرنيتانا,أتالانتا,- - -,19:00
الدوري الإيطالي,أودينيزي,نابولي,- - -,21:45
الدوري الفرنسي,ليل,ليون,- - -,22:00
الدوري التركي,انطاليا سبور,بينديكسبور,- - -,20:00
الدوري التركي,قونيا سبور,فنربخشة,- - -,20:00
الدوري الإماراتي,خورفكان,العين,- - -,17:05
الدوري الإماراتي,اتحاد كلباء,نادي الامارات,- - -,17:05
الدوري الإماراتي,البطائح,الوصل,- - -,19:45
الدوري الإماراتي,شباب الأهلي,الشــارقة,- - -,19:45
الدوري المصري,بيراميدز,مودرن فيوتشر,- - -,19:00
الدوري المصري,طلائع الجيش,المصري,- - -,19:00
الدوري الإنجليزي,كريستال بالاس,مانشستر يونايتد,- - -,22:00
الدوري السعودي,أهلي جدة,الهلال,- - -,21:00
الدوري الإيطالي,ساليرنيتانا,أتالانتا,- - -,19:00
الدوري الإيطالي,أودينيزي,نابولي,- - -,21:45
الدوري الفرنسي,ليل,ليون,- - -,22:00
الدوري التركي,انطاليا سبور,بينديكسبور,- - -,20:00
الدوري التركي,قونيا سبور,فنربخشة,- - -,20:00
الدوري الإماراتي,خورفكان,العين,- - -,17:05
الدوري الإماراتي,اتحاد كلباء,نادي الامارات,- - -,17:05
الدوري الإماراتي,البطائح,الوصل,- - -,19:45
الدوري الإماراتي,شباب الأهلي,الشــارقة,- - -,19:45
الدوري المصري,بيراميدز,مودرن فيوتشر,- - -,19:00
الدوري المصري,طلائع الجيش,المصري,- - -,19:00
الدوري الإنجليزي,كريستال بالاس,مانشستر يونايتد,- - -,22:00
الدوري السعودي,أهلي جدة,الهلال,- - -,21:00
الدوري الإيطالي,ساليرنيتانا,أتالانتا,- - -,19:00
الدوري الإيطالي,أودينيزي,نابولي,- - -,21:45
الدوري الفرنسي,ليل,ليون,- - -,22:00
الدوري التركي,انطاليا سبور,بينديكسبور,- - -,20:00
الدوري التركي,قونيا سبور,فنربخشة,- - -,20:00
الدوري الإماراتي,خورفكان,العين,- - -,17:05
الدوري الإماراتي,اتحاد كلباء,نادي الامارات,- - -,17:05
الدوري الإماراتي,البطائح,الوصل,- - -,19:45
الدوري الإماراتي,شباب الأهلي,الشــارقة,- - -,19:45
الدوري المصري,بيراميدز,مودرن فيوتشر,- - -,19:00
الدوري المصري,طلائع الجيش,المصري,- - -,19:00
الدوري الإنجليزي,كريستال بالاس,مانشستر يونايتد,- - -,22:00
الدوري السعودي,أهلي جدة,الهلال,- - -,21:00
الدوري الإيطالي,ساليرنيتانا,أتالانتا,- - -,19:00
الدوري الإيطالي,أودينيزي,نابولي,- - -,21:45
الدوري الفرنسي,ليل,ليون,- - -,22:00
الدوري التركي,انطاليا سبور,بينديكسبور,- - -,20:00
الدوري التركي,قونيا سبور,فنربخشة,- - -,20:00
الدوري الإماراتي,خورفكان,العين,- - -,17:05
الدوري الإماراتي,اتحاد كلباء,نادي الامارات,- - -,17:05
الدوري الإماراتي,البطائح,الوصل,- - -,19:45
الدوري الإماراتي,شباب الأهلي,الشــارقة,- - -,19:45
الدوري المصري,بيراميدز,مودرن فيوتشر,- - -,19:00
الدوري المصري,طلائع الجيش,المصري,- - -,19:00
الدوري الإنجليزي,كريستال بالاس,مانشستر يونايتد,- - -,22:00
الدوري السعودي,أهلي جدة,الهلال,- - -,21:00
الدوري الإيطالي,ساليرنيتانا,أتالانتا,- - -,19:00
الدوري الإيطالي,أودينيزي,نابولي,- - -,21:45
الدوري الفرنسي,ليل,ليون,- - -,22:00
الدوري التركي,انطاليا سبور,بينديكسبور,- - -,20:00
الدوري التركي,قونيا سبور,فنربخشة,- - -,20:00
الدوري الإماراتي,خورفكان,العين,- - -,17:05
الدوري الإماراتي,اتحاد كلباء,نادي الامارات,- - -,17:05
الدوري الإماراتي,البطائح,الوصل,- - -,19:45
الدوري الإماراتي,شباب الأهلي,الشــارقة,- - -,19:45
الدوري المصري,بيراميدز,مودرن فيوتشر,- - -,19:00
الدوري المصري,طلائع الجيش,المصري,- - -,19:00
الدوري الإنجليزي,كريستال بالاس,مانشستر يونايتد,- - -,22:00
الدوري السعودي,أهلي جدة,الهلال,- - -,21:00
الدوري الإيطالي,ساليرنيتانا,أتالانتا,- - -,19:00
الدوري الإيطالي,أودينيزي,نابولي,- - -,21:45
الدوري الفرنسي,ليل,ليون,- - -,22:00
الدوري التركي,انطاليا سبور,بينديكسبور,- - -,20:00
الدوري التركي,قونيا سبور,فنربخشة,- - -,20:00
الدوري الإماراتي,خورفكان,العين,- - -,17:05
الدوري الإماراتي,اتحاد كلباء,نادي الامارات,- - -,17:05
الدوري الإماراتي,البطائح,الوصل,- - -,19:45
الدوري الإماراتي,شباب الأهلي,الشــارقة,- - -,19:45
الدوري المصري,بيراميدز,مودرن فيوتشر,- - -,19:00
الدوري المصري,طلائع الجيش,المصري,- - -,19:00
الدوري الإنجليزي,كريستال بالاس,مانشستر يونايتد,- - -,22:00
الدوري السعودي,أهلي جدة,الهلال,- - -,21:00
الدوري الإيطالي,ساليرنيتانا,أتالانتا,- - -,19:00
الدوري الإيطالي,أودينيزي,نابولي,- - -,21:45
الدوري الفرنسي,ليل,ليون,- - -,22:00
الدوري التركي,انطاليا سبور,بينديكسبور,- - -,20:00
الدوري التركي,قونيا سبور,فنربخشة,- - -,20:00
الدوري الإماراتي,خورفكان,العين,- - -,17:05
الدوري الإماراتي,اتحاد كلباء,نادي الامارات,- - -,17:05
الدوري الإماراتي,البطائح,الوصل,- - -,19:45
الدوري الإماراتي,شباب الأهلي,الشــارقة,- - -,19:45
الدوري المصري,بيراميدز,مودرن فيوتشر,- - -,19:00
الدوري المصري,طلائع الجيش,المصري,- - -,19:00
الدوري الإنجليزي,كريستال بالاس,مانشستر يونايتد,- - -,22:00
الدوري السعودي,أهلي جدة,الهلال,- - -,21:00
الدوري الإيطالي,ساليرنيتانا,أتالانتا,- - -,19:00
الدوري الإيطالي,أودينيزي,نابولي,- - -,21:45
الدوري الفرنسي,ليل,ليون,- - -,22:00
الدوري التركي,انطاليا سبور,بينديكسبور,- - -,20:00
الدوري التركي,قونيا سبور,فنربخشة,- - -,20:00
الدوري الإماراتي,خورفكان,العين,- - -,17:05
الدوري الإماراتي,اتحاد كلباء,نادي الامارات,- - -,17:05
الدوري الإماراتي,البطائح,الوصل,- - -,19:45
الدوري الإماراتي,شباب الأهلي,الشــارقة,- - -,19:45
الدوري المصري,بيراميدز,مودرن فيوتشر,- - -,19:00
الدوري المصري,طلائع الجيش,المصري,- - -,19:00
الدوري الإنجليزي,كريستال بالاس,مانشستر يونايتد,- - -,22:00
الدوري السعودي,أهلي جدة,الهلال,- - -,21:00
الدوري الإيطالي,ساليرنيتانا,أتالانتا,- - -,19:00
الدوري الإيطالي,أودينيزي,نابولي,- - -,21:45
الدوري الفرنسي,ليل,ليون,- - -,22:00
الدوري التركي,انطاليا سبور,بينديكسبور,- - -,20:00
الدوري التركي,قونيا سبور,فنربخشة,- - -,20:00
الدوري الإماراتي,خورفكان,العين,- - -,17:05
الدوري الإماراتي,اتحاد كلباء,نادي الامارات,- - -,17:05
الدوري الإماراتي,البطائح,الوصل,- - -,19:45
الدوري الإماراتي,شباب الأهلي,الشــارقة,- - -,19:45
الدوري المصري,بيراميدز,مودرن فيوتشر,- - -,19:00
الدوري المصري,طلائع الجيش,المصري,- - -,19:00
الدوري الإنجليزي,كريستال بالاس,مانشستر يونايتد,- - -,22:00
الدوري السعودي,أهلي جدة,الهلال,- - -,21:00
الدوري الإيطالي,ساليرنيتانا,أتالانتا,- - -,19:00
الدوري الإيطالي,أودينيزي,نابولي,- - -,21:45
الدوري الفرنسي,ليل,ليون,- - -,22:00
الدوري التركي,انطاليا سبور,بينديكسبور,- - -,20:00
الدوري التركي,قونيا سبور,فنربخشة,- - -,20:00
الدوري الإماراتي,خورفكان,العين,- - -,17:05
الدوري الإماراتي,اتحاد كلباء,نادي الامارات,- - -,17:05
الدوري الإماراتي,البطائح,الوصل,- - -,19:45
الدوري الإماراتي,شباب الأهلي,الشــارقة,- - -,19:45
الدوري المصري,بيراميدز,مودرن فيوتشر,- - -,19:00
الدوري المصري,طلائع الجيش,المصري,- - -,19:00
الدوري الإنجليزي,كريستال بالاس,مانشستر يونايتد,- - -,22:00
الدوري السعودي,أهلي جدة,الهلال,- - -,21:00
الدوري الإيطالي,ساليرنيتانا,أتالانتا,- - -,19:00
الدوري الإيطالي,أودينيزي,نابولي,- - -,21:45
الدوري الفرنسي,ليل,ليون,- - -,22:00
الدوري التركي,انطاليا سبور,بينديكسبور,- - -,20:00
الدوري التركي,قونيا سبور,فنربخشة,- - -,20:00
الدوري الإماراتي,خورفكان,العين,- - -,17:05
الدوري الإماراتي,اتحاد كلباء,نادي الامارات,- - -,17:05
الدوري الإماراتي,البطائح,الوصل,- - -,19:45
الدوري الإماراتي,شباب الأهلي,الشــارقة,- - -,19:45
الدوري المصري,بيراميدز,مودرن فيوتشر,- - -,19:00
الدوري المصري,طلائع الجيش,المصري,- - -,19:00
الدوري الإنجليزي,كريستال بالاس,مانشستر يونايتد,- - -,22:00
الدوري السعودي,أهلي جدة,الهلال,- - -,21:00
الدوري الإيطالي,ساليرنيتانا,أتالانتا,- - -,19:00
الدوري الإيطالي,أودينيزي,نابولي,- - -,21:45
الدوري الفرنسي,ليل,ليون,- - -,22:00
الدوري التركي,انطاليا سبور,بينديكسبور,- - -,20:00
الدوري التركي,قونيا سبور,فنربخشة,- - -,20:00
الدوري الإماراتي,خورفكان,العين,- - -,17:05
الدوري الإماراتي,اتحاد كلباء,نادي الامارات,- - -,17:05
الدوري الإماراتي,البطائح,الوصل,- - -,19:45
الدوري الإماراتي,شباب الأهلي,الشــارقة,- - -,19:45
الدوري المصري,بيراميدز,مودرن فيوتشر,- - -,19:00
الدوري المصري,طلائع الجيش,المصري,- - -,19:00
الدوري الإنجليزي,كريستال بالاس,مانشستر يونايتد,- - -,22:00
الدوري السعودي,أهلي جدة,الهلال,- - -,21:00
الدوري الإيطالي,ساليرنيتانا,أتالانتا,- - -,19:00
الدوري الإيطالي,أودينيزي,نابولي,- - -,21:45
الدوري الفرنسي,ليل,ليون,- - -,22:00
الدوري التركي,انطاليا سبور,بينديكسبور,- - -,20:00
الدوري التركي,قونيا سبور,فنربخشة,- - -,20:00
الدوري الإماراتي,خورفكان,العين,- - -,17:05
الدوري الإماراتي,اتحاد كلباء,نادي الامارات,- - -,17:05
الدوري الإماراتي,البطائح,الوصل,- - -,19:45
الدوري الإماراتي,شباب الأهلي,الشــارقة,- - -,19:45
الدوري المصري,بيراميدز,مودرن فيوتشر,- - -,19:00
الدوري المصري,طلائع الجيش,المصري,- - -,19:00
الدوري الإنجليزي,كريستال بالاس,مانشستر يونايتد,- - -,22:00
الدوري السعودي,أهلي جدة,الهلال,- - -,21:00
الدوري الإيطالي,ساليرنيتانا,أتالانتا,- - -,19:00
الدوري الإيطالي,أودينيزي,نابولي,- - -,21:45
الدوري الفرنسي,ليل,ليون,- - -,22:00
الدوري التركي,انطاليا سبور,بينديكسبور,- - -,20:00
الدوري التركي,قونيا سبور,فنربخشة,- - -,20:00
الدوري الإماراتي,خورفكان,العين,- - -,17:05
الدوري الإماراتي,اتحاد كلباء,نادي الامارات,- - -,17:05
الدوري الإماراتي,البطائح,الوصل,- - -,19:45
الدوري الإماراتي,شباب الأهلي,الشــارقة,- - -,19:45
الدوري المصري,بيراميدز,مودرن فيوتشر,- - -,19:00
الدوري المصري,طلائع الجيش,المصري,- - -,19:00
الدوري الإنجليزي,كريستال بالاس,مانشستر يونايتد,- - -,22:00
الدوري السعودي,أهلي جدة,الهلال,- - -,21:00
الدوري الإيطالي,ساليرنيتانا,أتالانتا,- - -,19:00
الدوري الإيطالي,أودينيزي,نابولي,- - -,21:45
الدوري الفرنسي,ليل,ليون,- - -,22:00
الدوري التركي,انطاليا سبور,بينديكسبور,- - -,20:00
الدوري التركي,قونيا سبور,فنربخشة,- - -,20:00
الدوري الإماراتي,خورفكان,العين,- - -,17:05
الدوري الإماراتي,اتحاد كلباء,نادي الامارات,- - -,17:05
الدوري الإماراتي,البطائح,الوصل,- - -,19:45
الدوري الإماراتي,شباب الأهلي,الشــارقة,- - -,19:45
الدوري المصري,بيراميدز,مودرن فيوتشر,- - -,19:00
الدوري المصري,طلائع الجيش,المصري,- - -,19:00
الدوري الإنجليزي,كريستال بالاس,مانشستر يونايتد,- - -,22:00
الدوري السعودي,أهلي جدة,الهلال,- - -,21:00
الدوري الإيطالي,ساليرنيتانا,أتالانتا,- - -,19:00
الدوري الإيطالي,أودينيزي,نابولي,- - -,21:45
الدوري الفرنسي,ليل,ليون,- - -,22:00
الدوري التركي,انطاليا سبور,بينديكسبور,- - -,20:00
الدوري التركي,قونيا سبور,فنربخشة,- - -,20:00
الدوري الإماراتي,خورفكان,العين,- - -,17:05
الدوري الإماراتي,اتحاد كلباء,نادي الامارات,- - -,17:05
الدوري الإماراتي,البطائح,الوصل,- - -,19:45
الدوري الإماراتي,شباب الأهلي,الشــارقة,- - -,19:45
الدوري المصري,بيراميدز,مودرن فيوتشر,- - -,19:00
الدوري المصري,طلائع الجيش,المصري,- - -,19:00
الدوري الإنجليزي,كريستال بالاس,مانشستر يونايتد,- - -,22:00
الدوري السعودي,أهلي جدة,الهلال,- - -,21:00
الدوري الإيطالي,ساليرنيتانا,أتالانتا,- - -,19:00
الدوري الإيطالي,أودينيزي,نابولي,- - -,21:45
الدوري الفرنسي,ليل,ليون,- - -,22:00
الدوري التركي,انطاليا سبور,بينديكسبور,- - -,20:00
الدوري التركي,قونيا سبور,فنربخشة,- - -,20:00
الدوري الإماراتي,خورفكان,العين,- - -,17:05
الدوري الإماراتي,اتحاد كلباء,نادي الامارات,- - -,17:05
الدوري الإماراتي,البطائح,الوصل,- - -,19:45
الدوري الإماراتي,شباب الأهلي,الشــارقة,- - -,19:45
الدوري المصري,بيراميدز,مودرن فيوتشر,- - -,19:00
الدوري المصري,طلائع الجيش,المصري,- - -,19:00
الدوري الإنجليزي,كريستال بالاس,مانشستر يونايتد,- - -,22:00
الدوري السعودي,أهلي جدة,الهلال,- - -,21:00
الدوري الإيطالي,ساليرنيتانا,أتالانتا,- - -,19:00
الدوري الإيطالي,أودينيزي,نابولي,- - -,21:45
الدوري الفرنسي,ليل,ليون,- - -,22:00
الدوري التركي,انطاليا سبور,بينديكسبور,- - -,20:00
الدوري التركي,قونيا سبور,فنربخشة,- - -,20:00
الدوري الإماراتي,خورفكان,العين,- - -,17:05
الدوري الإماراتي,اتحاد كلباء,نادي الامارات,- - -,17:05
الدوري الإماراتي,البطائح,الوصل,- - -,19:45
الدوري الإماراتي,شباب الأهلي,الشــارقة,- - -,19:45
الدوري المصري,بيراميدز,مودرن فيوتشر,- - -,19:00
الدوري المصري,طلائع الجيش,المصري,- - -,19:00
الدوري الإنجليزي,كريستال بالاس,مانشستر يونايتد,- - -,22:00
الدوري السعودي,أهلي جدة,الهلال,- - -,21:00
الدوري الإيطالي,ساليرنيتانا,أتالانتا,- - -,19:00
الدوري الإيطالي,أودينيزي,نابولي,- - -,21:45
الدوري الفرنسي,ليل,ليون,- - -,22:00
الدوري التركي,انطاليا سبور,بينديكسبور,- - -,20:00
الدوري التركي,قونيا سبور,فنربخشة,- - -,20:00
الدوري الإماراتي,خورفكان,العين,- - -,17:05
الدوري الإماراتي,اتحاد كلباء,نادي الامارات,- - -,17:05
الدوري الإماراتي,البطائح,الوصل,- - -,19:45
الدوري الإماراتي,شباب الأهلي,الشــارقة,- - -,19:45
الدوري الإسباني,ريال مدريد,فالنسيا,2 - 0,22:00
الدوري الإسباني,سيلتا فيجو,الميريا,2 - 2,14:00
الدوري الإسباني,ريال مدريد,بلد الوليد,6 - 0,16:15
الدوري الإسباني,فياريال,ريال سوسيداد,2 - 0,18:30
الدوري الإسباني,اتلتيكو مدريد,ريال بيتيس,1 - 0,21:00
الكونفيدرالية الإفريقية,مازيمبي,يانج افريكانز,0 - 1,15:00
الكونفيدرالية الإفريقية,أسيك أبيدجـــــان,ريفرز يونايتد,1 - 0,18:00
الكونفيدرالية الإفريقية,ديابل نوار,موتيما بمبي,0 - 0,18:00
الكونفيدرالية الإفريقية,اتحاد العاصمة,الأخضر,4 - 1,22:00
الكونفيدرالية الإفريقية,مارومو جالانتس,سانت إيلوي لوبوبو,3 - 2,22:00
الكونفيدرالية الإفريقية,بيراميدز,مودرن فيوتشر,2 - 1,22:00
الكونفيدرالية الإفريقية,كارا,الجيش الملكي,1 - 1,22:00
الكونفيدرالية الإفريقية,الإتحاد المنستيري,ريال باماكو,2 - 1,22:00
الدوري الإسباني,برشلونة,أوساسونا,1 - 0,20:30
الدوري الإسباني,الميريا,إلتشي,2 - 1,20:30
الدوري الإسباني,ريال سوسيداد,ريال مدريد,2 - 0,23:00
الدوري الأفريقي لكرة السلة,سيتي أويلرز,سلاك,68 - 96,17:00
الدوري الأفريقي لكرة السلة,كيب تاون تايجرز,الأهلي,75 - 91,20:30
مباريات ودية -أندية,ميلان,برشلونة,0 - 1,06:00
مباريات ودية -أندية,ليفربول,بايرن ميونيخ,3 - 4,14:30
مباريات ودية -أندية,نانت,لوريان,1 - 3,19:30
مباريات ودية -أندية,أرسنال,موناكو,1 - 1,20:00
مباريات ودية -أندية,روما,فيرنسي,4 - 2,21:45
الدوري الإنجليزي,شيفيلد يونايتد,ايفرتون,2 - 2,14:30
الدوري الإنجليزي,مانشستر سيتي,فولهام,5 - 1,17:00
الدوري الإنجليزي,تشيلسي,نوتينجهام فورست,0 - 1,17:00
الدوري الإنجليزي,بيرنلي,توتنهام هوتسبر,2 - 5,17:00
الدوري الإنجليزي,برينتفورد,بورنموث,2 - 2,17:00
الدوري الإنجليزي,برايتون,نيوكاسل,3 - 1,19:30
الدوري الإسباني,ريال سوسيداد,غرناطه,5 - 3,15:00
الدوري الإسباني,ريال مدريد,خيتافي,2 - 1,17:15
الدوري الإسباني,ألافيس,فالنسيا,1 - 0,19:30
الدوري الإسباني,ريال بيتيس,رايو فاييكانو,1 - 0,22:00
الدوري السعودي,الفتح,أهلي جدة,5 - 1,21:00
الدوري السعودي,التعاون,الوحدة,4 - 1,21:00
الدوري السعودي,الشباب,الخليج,1 - 3,21:00
الدوري السعودي,الاتفـــــاق,ضمك,3 - 1,21:00
الدوري السعودي,الحزم,النصر,1 - 5,21:00
الدوري الإيطالي,أودينيزي,فروزينوني,0 - 0,19:30
الدوري الإيطالي,بولونيا,كالياري,2 - 1,19:30
الدوري الإيطالي,نابولي,لاتسيو,1 - 2,21:45
الدوري الإيطالي,أتالانتا,مونزا,3 - 0,21:45
الدوري الألماني,باير ليفركوزن,دارمشتات,5 - 1,16:30
الدوري الألماني,هوفنهايم,فولفسبورج,3 - 1,16:30
الدوري الألماني,شتوتجارت,فرايبورج,5 - 0,16:30
الدوري الألماني,أوجسبورج,بوخوم,2 - 2,16:30
الدوري الألماني,فيردر بريمن,ماينز,4 - 0,16:30
الدوري الألماني,مونشنجلادباخ,بايرن ميونيخ,1 - 2,19:30
الدوري الفرنسي,بريست,رين,0 - 0,18:00
الدوري الفرنسي,موناكو,لانس,3 - 0,22:00
الدوري المغربي,نهضة الزمامرة,يوسفية برشيد,1 - 0,21:15
الدوري المغربي,مولودية وجدة,الاتحاد التوركي,1 - 3,22:30
الدوري المغربي,المغرب التطواني,أولمبيك آسفي,0 - 0,22:30
الدوري التركي,إسطنبول باشاكشهير,قونيا سبور,0 - 1,19:15
الدوري التركي,بينديكسبور,ألانيا سبور,1 - 1,19:15
الدوري التركي,غازي عنتاب بي.بي.كي,جالاتا سراي,0 - 3,21:45
الدوري التركي,انطاليا سبور,قيصري سبور,1 - 1,21:45
الدوري التونسي,الإتحاد المنستيري,مستقبل المرسى,3 - 1,18:00
الدوري التونسي,الصفاقســــي,اتحاد تطاوين,3 - 0,18:00
الدوري التونسي,الترجى الرياضي,النجم الرياضي بالمتلوي,3 - 2,18:00
الدوري البرتغالي,كازا بيا,ريو آفي,1 - 1,17:30
الدوري البرتغالي,بورتيمونينسي,إستريلا,1 - 1,20:00
الدوري البرتغالي,فاماليكاو,فيرنسي,1 - 0,20:00
الدوري البرتغالي,بنفيكا,فيتوريا جيماريش,4 - 0,22:30
دوري نجوم قطر,العربي,الدحيل,3 - 3,18:15
دوري نجوم قطر,السد القطري,الوكرة,0 - 0,20:15
دوري نجوم قطر,الشمال,الريان,3 - 4,20:15
البطولة العربية للأندية لكرة السلة,نادي السيب,الأهلي القطري,75 - 58,14:00
البطولة العربية للأندية لكرة السلة,دجلة الجامعة العراقي,نادي مجد طنجة,95 - 74,14:00
البطولة العربية للأندية لكرة السلة,الاتحاد السكندري,نادي اتحاد الجزائر,89 - 53,16:30
البطولة العربية للأندية لكرة السلة,نادي الاتحاد الليبي,الأهلي,55 - 65,16:30
البطولة العربية للأندية لكرة السلة,الكويت الكويتي,نادي المحرق,82 - 61,19:00
البطولة العربية للأندية لكرة السلة,نادي وحدة صنعاء,نادي جمعية سلا,64 - 96,19:00
بطولة إفريقيا للأندية لكرة اليد,ريد ستار,نزيكو الكاميروني,29 - 25,14:00
بطولة إفريقيا للأندية لكرة اليد,بي إم سي,فاب الكاميروني,21 - 29,14:00
بطولة إفريقيا للأندية لكرة اليد,بترو سبورت,أدجيدجا,26 - 35,16:00
بطولة إفريقيا للأندية لكرة اليد,الأهلي,كينشاسا,42 - 30,20:00
تصفيات الأولمبياد - كرة طائرة,إيران,أوكرانيا,0 - 3,02:30
دوري أبطال أفريقيا,شباب بلوزداد,بو رينجرز,3 - 1,20:00
الدوري الإنجليزي,فولهام,تشيلسي,0 - 2,22:00
الدوري الإسباني,لاس بالماس,سيلتا فيجو,2 - 1,22:00
دوري أبطال آسيا,اجمك اف سي,القوة الجوية,1 - 2,15:00
دوري أبطال آسيا,الشــارقة,الفيصلى,1 - 0,19:00
دوري أبطال آسيا,ناساف كارشي,السد القطري,3 - 1,19:00
دوري أبطال آسيا,سباهان اصفهان,الاتحاد,0 - 3,19:30
دوري أبطال آسيا,النصر,استقلول دوشنبه,3 - 1,21:00
دوري أبطال آسيا,الدحيل,بيرسبوليس,0 - 1,21:00
الدوري الإيطالي,تورينو,هيلاس فيرونا,0 - 0,19:30
الدوري الإيطالي,ساسولو,مونزا,0 - 1,19:30
الدوري الإيطالي,فيورنتينا,كالياري,3 - 0,21:45
دوري القسم الثاني-أ,بترول أسيوط,بروكسي,0 - 1,16:00
دوري القسم الثاني-أ,مصر المقاصة,السكة الحديد,0 - 1,16:00
دوري القسم الثاني-أ,مكادي,دكرنس,1 - 3,16:00
دوري القسم الثاني-أ,أسوان,النجوم,3 - 0,16:00
الدوري التركي,قيصري سبور,إسطنبول باشاكشهير,0 - 0,20:00
الدوري البرتغالي,جل فيسنتي,كازا بيا,2 - 0,22:15
دوري نجوم قطر,السد القطري,المرخية الرياضي,5 - 0,16:30
دوري نجوم قطر,معيذر,ام صلال,1 - 3,16:30
دوري نجوم قطر,الدحيل,الريان,3 - 2,18:30
الدوري الإماراتي,الجــزيرة,الشــارقة,1 - 1,14:45
الدوري الإماراتي,الوصل,العين,3 - 1,17:30
دوري أبطال أفريقيا,مازيمبي,ماميلودي صنداونز,1 - 0,15:00
دوري أبطال أفريقيا,جوانينج جالاكسي,سيمبا,0 - 0,15:00
دوري أبطال أفريقيا,يانج افريكانز,الأهلي,1 - 1,18:00
دوري أبطال أفريقيا,إف سي نواذيبو,بيراميدز,2 - 0,18:01
دوري أبطال أفريقيا,أسيك أبيدجـــــان,الوداد البيضاوي,1 - 0,21:00
دوري أبطال أفريقيا,النجم الساحلى,بترو أتليتكو,0 - 2,21:00
الدوري الإنجليزي,برينتفورد,لوتون تاون,3 - 1,17:00
الدوري الإنجليزي,بيرنلي,شيفيلد يونايتد,5 - 0,17:00
الدوري الإنجليزي,أرسنال,وولفرهامبتون,2 - 1,17:00
الدوري الإنجليزي,نوتينجهام فورست,ايفرتون,0 - 1,19:30
الدوري الإنجليزي,نيوكاسل,مانشستر يونايتد,1 - 0,22:00
الدوري الإسباني,جيرونا,فالنسيا,2 - 1,15:00
الدوري الإسباني,أتلتيك بلباو,رايو فاييكانو,4 - 0,17:15
الدوري الإسباني,ريال مدريد,غرناطه,2 - 0,19:30
الدوري الإسباني,أوساسونا,ريال سوسيداد,1 - 1,22:00
الدوري السعودي,الفتح,الطــائي,0 - 1,17:00
الدوري السعودي,الأخدود,الاتفـــــاق,1 - 0,17:00
الدوري السعودي,الشباب,التعاون,1 - 2,20:00
الدوري السعودي,الرائد,الوحدة,2 - 0,20:00
الدوري الإيطالي,جنوى,إمبولي,1 - 1,16:00
الدوري الإيطالي,لاتسيو,كالياري,1 - 0,19:00
الدوري الإيطالي,ميلان,فروزينوني,3 - 1,21:45
الدوري الألماني,بوخوم,فولفسبورج,3 - 1,16:30
الدوري الألماني,لايبزيج,هايدنهايم,2 - 1,16:30
الدوري الألماني,مونشنجلادباخ,هوفنهايم,2 - 1,16:30
الدوري الألماني,شتوتجارت,فيردر بريمن,2 - 0,19:30
الدوري الفرنسي,لانس,ليون,3 - 2,18:00
الدوري الفرنسي,نانت,نيس,1 - 0,22:00
الدوري التركي,ألانيا سبور,قونيا سبور,2 - 2,12:30
الدوري التركي,ريزه سبور,إسطنبول باشاكشهير,3 - 2,15:00
الدوري التركي,أضنة دمير سبور,سامسون سبور,2 - 3,18:00
الدوري التركي,بينديكسبور,جالاتا سراي,0 - 2,18:00
الدوري البرتغالي,فيرنسي,فيتوريا جيماريش,1 - 2,17:30
الدوري البرتغالي,ريو آفي,إستريلا,1 - 1,17:30
الدوري البرتغالي,فاماليكاو,بورتو,0 - 3,20:00
الدوري البرتغالي,كازا بيا,بورتيمونينسي,1 - 0,22:30
دوري نجوم قطر,الغرافة,الوكرة,1 - 1,16:30
دوري نجوم قطر,نادي قطر,معيذر,3 - 2,16:30
دوري نجوم قطر,الأهلي القطري,الريان,0 - 4,18:30
الدوري الإماراتي,الوصل,البطائح,4 - 1,14:45
الدوري الإماراتي,بني ياس,الجــزيرة,1 - 4,17:30
الدوري المصري,بيراميدز,مودرن فيوتشر,- - -,19:00
الدوري المصري,طلائع الجيش,المصري,- - -,19:00
الدوري الإنجليزي,كريستال بالاس,مانشستر يونايتد,- - -,22:00
الدوري السعودي,أهلي جدة,الهلال,- - -,21:00
الدوري الإيطالي,ساليرنيتانا,أتالانتا,- - -,19:00
الدوري الإيطالي,أودينيزي,نابولي,- - -,21:45
الدوري الفرنسي,ليل,ليون,- - -,22:00
الدوري التركي,انطاليا سبور,بينديكسبور,- - -,20:00
الدوري التركي,قونيا سبور,فنربخشة,- - -,20:00
الدوري الإماراتي,خورفكان,العين,- - -,17:05
الدوري الإماراتي,اتحاد كلباء,نادي الامارات,- - -,17:05
الدوري الإماراتي,البطائح,الوصل,- - -,19:45
الدوري الإماراتي,شباب الأهلي,الشــارقة,- - -,19:45
الدوري المصري,بيراميدز,مودرن فيوتشر,- - -,19:00
الدوري المصري,طلائع الجيش,المصري,- - -,19:00
الدوري الإنجليزي,كريستال بالاس,مانشستر يونايتد,- - -,22:00
الدوري السعودي,أهلي جدة,الهلال,- - -,21:00
الدوري الإيطالي,ساليرنيتانا,أتالانتا,- - -,19:00
الدوري الإيطالي,أودينيزي,نابولي,- - -,21:45
الدوري الفرنسي,ليل,ليون,- - -,22:00
الدوري التركي,انطاليا سبور,بينديكسبور,- - -,20:00
الدوري التركي,قونيا سبور,فنربخشة,- - -,20:00
الدوري الإماراتي,خورفكان,العين,- - -,17:05
الدوري الإماراتي,اتحاد كلباء,نادي الامارات,- - -,17:05
الدوري الإماراتي,البطائح,الوصل,- - -,19:45
الدوري الإماراتي,شباب الأهلي,الشــارقة,- - -,19:45
الدوري المصري,بيراميدز,مودرن فيوتشر,- - -,19:00
الدوري المصري,طلائع الجيش,المصري,- - -,19:00
الدوري الإنجليزي,كريستال بالاس,مانشستر يونايتد,- - -,22:00
الدوري السعودي,أهلي جدة,الهلال,- - -,21:00
الدوري الإيطالي,ساليرنيتانا,أتالانتا,- - -,19:00
الدوري الإيطالي,أودينيزي,نابولي,- - -,21:45
الدوري الفرنسي,ليل,ليون,- - -,22:00
الدوري التركي,انطاليا سبور,بينديكسبور,- - -,20:00
الدوري التركي,قونيا سبور,فنربخشة,- - -,20:00
الدوري الإماراتي,خورفكان,العين,- - -,17:05
الدوري الإماراتي,اتحاد كلباء,نادي الامارات,- - -,17:05
الدوري الإماراتي,البطائح,الوصل,- - -,19:45
الدوري الإماراتي,شباب الأهلي,الشــارقة,- - -,19:45
الدوري المصري,بيراميدز,مودرن فيوتشر,- - -,19:00
الدوري المصري,طلائع الجيش,المصري,- - -,19:00
الدوري الإنجليزي,كريستال بالاس,مانشستر يونايتد,- - -,22:00
الدوري السعودي,أهلي جدة,الهلال,- - -,21:00
الدوري الإيطالي,ساليرنيتانا,أتالانتا,- - -,19:00
الدوري الإيطالي,أودينيزي,نابولي,- - -,21:45
الدوري الفرنسي,ليل,ليون,- - -,22:00
الدوري التركي,انطاليا سبور,بينديكسبور,- - -,20:00
الدوري التركي,قونيا سبور,فنربخشة,- - -,20:00
الدوري الإماراتي,خورفكان,العين,- - -,17:05
الدوري الإماراتي,اتحاد كلباء,نادي الامارات,- - -,17:05
الدوري الإماراتي,البطائح,الوصل,- - -,19:45
الدوري الإماراتي,شباب الأهلي,الشــارقة,- - -,19:45
الدوري المصري,بيراميدز,مودرن فيوتشر,- - -,19:00
الدوري المصري,طلائع الجيش,المصري,- - -,19:00
الدوري الإنجليزي,كريستال بالاس,مانشستر يونايتد,- - -,22:00
الدوري السعودي,أهلي جدة,الهلال,- - -,21:00
الدوري الإيطالي,ساليرنيتانا,أتالانتا,- - -,19:00
الدوري الإيطالي,أودينيزي,نابولي,- - -,21:45
الدوري الفرنسي,ليل,ليون,- - -,22:00
الدوري التركي,انطاليا سبور,بينديكسبور,- - -,20:00
الدوري التركي,قونيا سبور,فنربخشة,- - -,20:00
الدوري الإماراتي,خورفكان,العين,- - -,17:05
الدوري الإماراتي,اتحاد كلباء,نادي الامارات,- - -,17:05
الدوري الإماراتي,البطائح,الوصل,- - -,19:45
الدوري الإماراتي,شباب الأهلي,الشــارقة,- - -,19:45
الدوري المصري,بيراميدز,مودرن فيوتشر,- - -,19:00
الدوري المصري,طلائع الجيش,المصري,- - -,19:00
الدوري الإنجليزي,كريستال بالاس,مانشستر يونايتد,- - -,22:00
الدوري السعودي,أهلي جدة,الهلال,- - -,21:00
الدوري الإيطالي,ساليرنيتانا,أتالانتا,- - -,19:00
الدوري الإيطالي,أودينيزي,نابولي,- - -,21:45
الدوري الفرنسي,ليل,ليون,- - -,22:00
الدوري التركي,انطاليا سبور,بينديكسبور,- - -,20:00
الدوري التركي,قونيا سبور,فنربخشة,- - -,20:00
الدوري الإماراتي,خورفكان,العين,- - -,17:05
الدوري الإماراتي,اتحاد كلباء,نادي الامارات,- - -,17:05
الدوري الإماراتي,البطائح,الوصل,- - -,19:45
الدوري الإماراتي,شباب الأهلي,الشــارقة,- - -,19:45
الدوري المصري,بيراميدز,مودرن فيوتشر,- - -,19:00
الدوري المصري,طلائع الجيش,المصري,- - -,19:00
الدوري الإنجليزي,كريستال بالاس,مانشستر يونايتد,- - -,22:00
الدوري السعودي,أهلي جدة,الهلال,- - -,21:00
الدوري الإيطالي,ساليرنيتانا,أتالانتا,- - -,19:00
الدوري الإيطالي,أودينيزي,نابولي,- - -,21:45
الدوري الفرنسي,ليل,ليون,- - -,22:00
الدوري التركي,انطاليا سبور,بينديكسبور,- - -,20:00
الدوري التركي,قونيا سبور,فنربخشة,- - -,20:00
الدوري الإماراتي,خورفكان,العين,- - -,17:05
الدوري الإماراتي,اتحاد كلباء,نادي الامارات,- - -,17:05
الدوري الإماراتي,البطائح,الوصل,- - -,19:45
الدوري الإماراتي,شباب الأهلي,الشــارقة,- - -,19:45
الدوري المصري,بيراميدز,مودرن فيوتشر,- - -,19:00
الدوري المصري,طلائع الجيش,المصري,- - -,19:00
الدوري الإنجليزي,كريستال بالاس,مانشستر يونايتد,- - -,22:00
الدوري السعودي,أهلي جدة,الهلال,- - -,21:00
الدوري الإيطالي,ساليرنيتانا,أتالانتا,- - -,19:00
الدوري الإيطالي,أودينيزي,نابولي,- - -,21:45
الدوري الفرنسي,ليل,ليون,- - -,22:00
الدوري التركي,انطاليا سبور,بينديكسبور,- - -,20:00
الدوري التركي,قونيا سبور,فنربخشة,- - -,20:00
الدوري الإماراتي,خورفكان,العين,- - -,17:05
الدوري الإماراتي,اتحاد كلباء,نادي الامارات,- - -,17:05
الدوري الإماراتي,البطائح,الوصل,- - -,19:45
الدوري الإماراتي,شباب الأهلي,الشــارقة,- - -,19:45
الدوري المصري,بيراميدز,مودرن فيوتشر,- - -,19:00
الدوري المصري,طلائع الجيش,المصري,- - -,19:00
الدوري الإنجليزي,كريستال بالاس,مانشستر يونايتد,- - -,22:00
الدوري السعودي,أهلي جدة,الهلال,- - -,21:00
الدوري الإيطالي,ساليرنيتانا,أتالانتا,- - -,19:00
الدوري الإيطالي,أودينيزي,نابولي,- - -,21:45
الدوري الفرنسي,ليل,ليون,- - -,22:00
الدوري التركي,انطاليا سبور,بينديكسبور,- - -,20:00
الدوري التركي,قونيا سبور,فنربخشة,- - -,20:00
الدوري الإماراتي,خورفكان,العين,- - -,17:05
الدوري الإماراتي,اتحاد كلباء,نادي الامارات,- - -,17:05
الدوري الإماراتي,البطائح,الوصل,- - -,19:45
الدوري الإماراتي,شباب الأهلي,الشــارقة,- - -,19:45
الدوري المصري,بيراميدز,مودرن فيوتشر,- - -,19:00
الدوري المصري,طلائع الجيش,المصري,- - -,19:00
الدوري الإنجليزي,كريستال بالاس,مانشستر يونايتد,- - -,22:00
الدوري السعودي,أهلي جدة,الهلال,- - -,21:00
الدوري الإيطالي,ساليرنيتانا,أتالانتا,- - -,19:00
الدوري الإيطالي,أودينيزي,نابولي,- - -,21:45
الدوري الفرنسي,ليل,ليون,- - -,22:00
الدوري التركي,انطاليا سبور,بينديكسبور,- - -,20:00
الدوري التركي,قونيا سبور,فنربخشة,- - -,20:00
الدوري الإماراتي,خورفكان,العين,- - -,17:05
الدوري الإماراتي,اتحاد كلباء,نادي الامارات,- - -,17:05
الدوري الإماراتي,البطائح,الوصل,- - -,19:45
الدوري الإماراتي,شباب الأهلي,الشــارقة,- - -,19:45
الدوري المصري,بيراميدز,مودرن فيوتشر,- - -,19:00
الدوري المصري,طلائع الجيش,المصري,- - -,19:00
الدوري الإنجليزي,كريستال بالاس,مانشستر يونايتد,- - -,22:00
الدوري السعودي,أهلي جدة,الهلال,- - -,21:00
الدوري الإيطالي,ساليرنيتانا,أتالانتا,- - -,19:00
الدوري الإيطالي,أودينيزي,نابولي,- - -,21:45
الدوري الفرنسي,ليل,ليون,- - -,22:00
الدوري التركي,انطاليا سبور,بينديكسبور,- - -,20:00
الدوري التركي,قونيا سبور,فنربخشة,- - -,20:00
الدوري الإماراتي,خورفكان,العين,- - -,17:05
الدوري الإماراتي,اتحاد كلباء,نادي الامارات,- - -,17:05
الدوري الإماراتي,البطائح,الوصل,- - -,19:45
الدوري الإماراتي,شباب الأهلي,الشــارقة,- - -,19:45
الدوري المصري,بيراميدز,مودرن فيوتشر,- - -,19:00
الدوري المصري,طلائع الجيش,المصري,- - -,19:00
الدوري الإنجليزي,كريستال بالاس,مانشستر يونايتد,- - -,22:00
الدوري السعودي,أهلي جدة,الهلال,- - -,21:00
الدوري الإيطالي,ساليرنيتانا,أتالانتا,- - -,19:00
الدوري الإيطالي,أودينيزي,نابولي,- - -,21:45
الدوري الفرنسي,ليل,ليون,- - -,22:00
الدوري التركي,انطاليا سبور,بينديكسبور,- - -,20:00
الدوري التركي,قونيا سبور,فنربخشة,- - -,20:00
الدوري الإماراتي,خورفكان,العين,- - -,17:05
الدوري الإماراتي,اتحاد كلباء,نادي الامارات,- - -,17:05
الدوري الإماراتي,البطائح,الوصل,- - -,19:45
الدوري الإماراتي,شباب الأهلي,الشــارقة,- - -,19:45
الدوري المصري,بيراميدز,مودرن فيوتشر,- - -,19:00
الدوري المصري,طلائع الجيش,المصري,- - -,19:00
الدوري الإنجليزي,كريستال بالاس,مانشستر يونايتد,- - -,22:00
الدوري السعودي,أهلي جدة,الهلال,- - -,21:00
الدوري الإيطالي,ساليرنيتانا,أتالانتا,- - -,19:00
الدوري الإيطالي,أودينيزي,نابولي,- - -,21:45
الدوري الفرنسي,ليل,ليون,- - -,22:00
الدوري التركي,انطاليا سبور,بينديكسبور,- - -,20:00
الدوري التركي,قونيا سبور,فنربخشة,- - -,20:00
الدوري الإماراتي,خورفكان,العين,- - -,17:05
الدوري الإماراتي,اتحاد كلباء,نادي الامارات,- - -,17:05
الدوري الإماراتي,البطائح,الوصل,- - -,19:45
الدوري الإماراتي,شباب الأهلي,الشــارقة,- - -,19:45
الدوري المصري,بيراميدز,مودرن فيوتشر,- - -,19:00
الدوري المصري,طلائع الجيش,المصري,- - -,19:00
الدوري الإنجليزي,كريستال بالاس,مانشستر يونايتد,- - -,22:00
الدوري السعودي,أهلي جدة,الهلال,- - -,21:00
الدوري الإيطالي,ساليرنيتانا,أتالانتا,- - -,19:00
الدوري الإيطالي,أودينيزي,نابولي,- - -,21:45
الدوري الفرنسي,ليل,ليون,- - -,22:00
الدوري التركي,انطاليا سبور,بينديكسبور,- - -,20:00
الدوري التركي,قونيا سبور,فنربخشة,- - -,20:00
الدوري الإماراتي,خورفكان,العين,- - -,17:05
الدوري الإماراتي,اتحاد كلباء,نادي الامارات,- - -,17:05
الدوري الإماراتي,البطائح,الوصل,- - -,19:45
الدوري الإماراتي,شباب الأهلي,الشــارقة,- - -,19:45
الدوري المصري,بيراميدز,مودرن فيوتشر,- - -,19:00
الدوري المصري,طلائع الجيش,المصري,- - -,19:00
الدوري الإنجليزي,كريستال بالاس,مانشستر يونايتد,- - -,22:00
الدوري السعودي,أهلي جدة,الهلال,- - -,21:00
الدوري الإيطالي,ساليرنيتانا,أتالانتا,- - -,19:00
الدوري الإيطالي,أودينيزي,نابولي,- - -,21:45
الدوري الفرنسي,ليل,ليون,- - -,22:00
الدوري التركي,انطاليا سبور,بينديكسبور,- - -,20:00
الدوري التركي,قونيا سبور,فنربخشة,- - -,20:00
الدوري الإماراتي,خورفكان,العين,- - -,17:05
الدوري الإماراتي,اتحاد كلباء,نادي الامارات,- - -,17:05
الدوري الإماراتي,البطائح,الوصل,- - -,19:45
الدوري الإماراتي,شباب الأهلي,الشــارقة,- - -,19:45
الدوري المصري,بيراميدز,مودرن فيوتشر,- - -,19:00
الدوري المصري,طلائع الجيش,المصري,- - -,19:00
الدوري الإنجليزي,كريستال بالاس,مانشستر يونايتد,- - -,22:00
الدوري السعودي,أهلي جدة,الهلال,- - -,21:00
الدوري الإيطالي,ساليرنيتانا,أتالانتا,- - -,19:00
الدوري الإيطالي,أودينيزي,نابولي,- - -,21:45
الدوري الفرنسي,ليل,ليون,- - -,22:00
الدوري التركي,انطاليا سبور,بينديكسبور,- - -,20:00
الدوري التركي,قونيا سبور,فنربخشة,- - -,20:00
الدوري الإماراتي,خورفكان,العين,- - -,17:05
الدوري الإماراتي,اتحاد كلباء,نادي الامارات,- - -,17:05
الدوري الإماراتي,البطائح,الوصل,- - -,19:45
الدوري الإماراتي,شباب الأهلي,الشــارقة,- - -,19:45
الدوري المصري,بيراميدز,مودرن فيوتشر,- - -,19:00
الدوري المصري,طلائع الجيش,المصري,- - -,19:00
الدوري الإنجليزي,كريستال بالاس,مانشستر يونايتد,- - -,22:00
الدوري السعودي,أهلي جدة,الهلال,- - -,21:00
الدوري الإيطالي,ساليرنيتانا,أتالانتا,- - -,19:00
الدوري الإيطالي,أودينيزي,نابولي,- - -,21:45
الدوري الفرنسي,ليل,ليون,- - -,22:00
الدوري التركي,انطاليا سبور,بينديكسبور,- - -,20:00
الدوري التركي,قونيا سبور,فنربخشة,- - -,20:00
الدوري الإماراتي,خورفكان,العين,- - -,17:05
الدوري الإماراتي,اتحاد كلباء,نادي الامارات,- - -,17:05
الدوري الإماراتي,البطائح,الوصل,- - -,19:45
الدوري الإماراتي,شباب الأهلي,الشــارقة,- - -,19:45
الدوري المصري,بيراميدز,مودرن فيوتشر,- - -,19:00
الدوري المصري,طلائع الجيش,المصري,- - -,19:00
الدوري الإنجليزي,كريستال بالاس,مانشستر يونايتد,- - -,22:00
الدوري السعودي,أهلي جدة,الهلال,- - -,21:00
الدوري الإيطالي,ساليرنيتانا,أتالانتا,- - -,19:00
الدوري الإيطالي,أودينيزي,نابولي,- - -,21:45
الدوري الفرنسي,ليل,ليون,- - -,22:00
الدوري التركي,انطاليا سبور,بينديكسبور,- - -,20:00
الدوري التركي,قونيا سبور,فنربخشة,- - -,20:00
الدوري الإماراتي,خورفكان,العين,- - -,17:05
الدوري الإماراتي,اتحاد كلباء,نادي الامارات,- - -,17:05
الدوري الإماراتي,البطائح,الوصل,- - -,19:45
الدوري الإماراتي,شباب الأهلي,الشــارقة,- - -,19:45
الدوري المصري,بيراميدز,مودرن فيوتشر,- - -,19:00
الدوري المصري,طلائع الجيش,المصري,- - -,19:00
الدوري الإنجليزي,كريستال بالاس,مانشستر يونايتد,- - -,22:00
الدوري السعودي,أهلي جدة,الهلال,- - -,21:00
الدوري الإيطالي,ساليرنيتانا,أتالانتا,- - -,19:00
الدوري الإيطالي,أودينيزي,نابولي,- - -,21:45
الدوري الفرنسي,ليل,ليون,- - -,22:00
الدوري التركي,انطاليا سبور,بينديكسبور,- - -,20:00
الدوري التركي,قونيا سبور,فنربخشة,- - -,20:00
الدوري الإماراتي,خورفكان,العين,- - -,17:05
الدوري الإماراتي,اتحاد كلباء,نادي الامارات,- - -,17:05
الدوري الإماراتي,البطائح,الوصل,- - -,19:45
الدوري الإماراتي,شباب الأهلي,الشــارقة,- - -,19:45
الدوري الإسباني,أتلتيك بلباو,قادش,4 - 1,22:00
مباريات ودية - منتخبات,مصر الأولمبي,الجابون الأولمبي,3 - 0,18:00
الدوري الإسباني,ريال سوسيداد,قادش,0 - 0,22:00
دوري أبطال أفريقيا,الوداد البيضاوي,فيتا كلوب,1 - 0,21:00
الدوري الإسباني,فالنسيا,فياريال,1 - 1,20:30
الدوري الإسباني,اتلتيكو مدريد,قادش,5 - 1,23:00
الدوري الإسباني,خيتافي,سيلتا فيجو,1 - 0,23:00
الدوري الأفريقي لكرة السلة,سلاك,بترو دي لواندا,78 - 95,17:00
الدوري الأفريقي لكرة السلة,فيروفياريو دا بيرا,كيب تاون تايجرز,82 - 76,20:30
الكونفيدرالية الإفريقية,اتحاد العاصمة,يانج افريكانز,0 - 1,22:00
مباريات ودية -أندية,يوفنتوس,ريال مدريد,3 - 1,02:30
مباريات ودية -أندية,تشيلسي,بروسيا دورتموند,1 - 1,03:30
مباريات ودية -أندية,اتلتيكو مدريد,ريال سوسيداد,0 - 0,04:00
مباريات ودية -أندية,باريس سان جيرمان,تشونبك هيونداي,3 - 0,11:00
مباريات ودية -أندية,أستون فيلا,لاتسيو,3 - 0,21:30
الدوري الإنجليزي,ليفربول,أستون فيلا,3 - 0,16:00
الدوري الإنجليزي,كريستال بالاس,وولفرهامبتون,3 - 2,16:00
الدوري الإنجليزي,أرسنال,مانشستر يونايتد,3 - 1,18:30
الدوري الإسباني,جيرونا,لاس بالماس,1 - 0,15:00
الدوري الإسباني,مايوركا,أتلتيك بلباو,0 - 0,17:15
الدوري الإسباني,أوساسونا,برشلونة,1 - 2,22:00
الدوري الإيطالي,إنتر ميلان,فيورنتينا,4 - 0,19:30
الدوري الإيطالي,تورينو,جنوى,1 - 0,19:30
الدوري الإيطالي,إمبولي,يوفنتوس,0 - 2,21:45
الدوري الإيطالي,ليتشي,ساليرنيتانا,2 - 0,21:45
الدوري الألماني,آ. فرانكفورت,كولن,1 - 1,16:30
الدوري الألماني,يونيون برلين,لايبزيج,0 - 3,18:30
الدوري الفرنسي,تولوز,كليرمونت,2 - 2,14:00
الدوري الفرنسي,ميتز,ريمس,2 - 2,16:00
الدوري الفرنسي,ليل,مونبيليه,1 - 0,16:00
الدوري الفرنسي,لوهافر,لوريان,3 - 0,16:00
الدوري الفرنسي,نيس,ستراسبورج,2 - 0,18:05
الدوري الفرنسي,ليون,باريس سان جيرمان,1 - 4,21:45
الدوري المغربي,الرجاء البيضاوي,الجيش الملكي,2 - 2,19:00
الدوري المغربي,نهضة بركان,اتحاد طنجة,2 - 1,21:15
الدوري المغربي,الفتح الرباطي,المغرب الفاسي,0 - 0,21:15
الدوري المغربي,شباب المحمدية,الوداد البيضاوي,2 - 3,23:30
الدوري التركي,بشكتاش,سيفاسبور,2 - 0,19:15
الدوري التركي,سامسون سبور,إسطنبول سبور,- - -,19:15
الدوري التركي,هاتاي سبور,أضنة دمير سبور,3 - 3,21:45
الدوري التركي,أنقرة جوتشو,فنربخشة,0 - 1,21:45
الدوري التونسي,قوافل قفصة,النجم الساحلى,0 - 3,18:00
الدوري التونسي,إتحاد بن قردان,الملعب التونسي,2 - 1,18:00
الدوري التونسي,الأولمبي الباجي,سليمان الرياضي,2 - 1,18:00
الدوري البرتغالي,إستوريل,بوافيستا,1 - 2,17:30
الدوري البرتغالي,شافيش,موريرنسي,1 - 2,17:30
الدوري البرتغالي,بورتو,أروكا,1 - 1,20:00
الدوري البرتغالي,سبورتينج براجا,سبورتينج لشبونة,1 - 1,22:30
البطولة العربية للأندية لكرة السلة,نادي دينامو,الاتحاد السكندري,89 - 96,16:00
البطولة العربية للأندية لكرة السلة,نادي الفتح,نادي وحدة صنعاء,121 - 70,16:00
البطولة العربية للأندية لكرة السلة,نادي اتحاد الجزائر,الأهلي القطري,83 - 54,18:30
البطولة العربية للأندية لكرة السلة,نادي جمعية سلا,نادي القادسية,76 - 66,18:30
تصفيات الأولمبياد - كرة طائرة,سلوفينيا,فنلندا,3 - 1,04:00
تصفيات الأولمبياد - كرة طائرة,الارجنتين,بلغاريا,3 - 0,05:00
تصفيات الأولمبياد - كرة طائرة,صربيا,مصر,3 - 1,07:00
تصفيات الأولمبياد - كرة طائرة,هولندا,بلجيكا,0 - 3,08:00
تصفيات الأولمبياد - كرة طائرة,الولايات المتحدة,تركيا,3 - 1,10:00
تصفيات الأولمبياد - كرة طائرة,بولندا,كندا,3 - 2,11:00
تصفيات الأولمبياد - كرة طائرة,اليابان,تونس‎,3 - 0,13:25
تصفيات الأولمبياد - كرة طائرة,الصين,المكسيك,3 - 0,14:30
تصفيات الأولمبياد - كرة طائرة,إيران,قطر,3 - 0,16:00
تصفيات الأولمبياد - كرة طائرة,كوبا,التشيك,3 - 0,19:30
تصفيات الأولمبياد - كرة طائرة,إيطاليا,أوكرانيا,3 - 0,23:00
الدوري الإنجليزي,لوتون تاون,بيرنلي,1 - 2,21:30
دوري أبطال أوروبا,يونيون برلين,سبورتينج براجا,2 - 3,19:45
دوري أبطال أوروبا,ريد بول سالزبورج,ريال سوسيداد,0 - 2,19:45
دوري أبطال أوروبا,مانشستر يونايتد,جالاتا سراي,2 - 3,22:00
دوري أبطال أوروبا,كوبنهاجن,بايرن ميونيخ,1 - 2,22:00
دوري أبطال أوروبا,لانس,أرسنال,2 - 1,22:00
دوري أبطال أوروبا,إيندهوفن,اشبيلية,2 - 2,22:00
دوري أبطال أوروبا,نابولي,ريال مدريد,2 - 3,22:00
دوري أبطال أوروبا,إنتر ميلان,بنفيكا,1 - 0,22:00
دوري أبطال آسيا,انشيون يونايتد,كايا,4 - 0,13:00
دوري أبطال آسيا,كاواساكي فورنتال,أولسان هيونداي,1 - 0,13:00
دوري أبطال آسيا,شاندونج تايشان,يوكوهاما مارينوس,0 - 1,15:00
دوري أبطال آسيا,باثوم يونايتد,جوهور دارول تاكزيم,2 - 4,15:00
دوري أبطال آسيا,نافباخور نامانجان,مومباي سيتي,3 - 0,17:00
دوري أبطال آسيا,العين,نادي أهال,4 - 2,19:00
دوري أبطال آسيا,الفيحاء,باختاكور,2 - 0,19:00
دوري أبطال آسيا,نساجي مازندران,الهلال,0 - 3,19:00
دوري القسم الثاني-أ,راية الرياضي,وادي دجلة,1 - 1,16:00
دوري القسم الثاني-أ,القناة,بتروجيت,1 - 2,16:00
دوري القسم الثاني-أ,أبو قير للاسمدة,طنطا‏,2 - 1,16:00
دوري القسم الثاني-أ,المصرية للاتصالات,جمهورية شبين,4 - 0,16:00
دوري القسم الثاني-أ,لافيينا أف سي,النصر للتعدين,3 - 0,16:00
الدوري المصري,سموحة,الاتحاد السكندري,0 - 1,16:00
الدوري المصري,الزمالك,زد,1 - 2,19:00
الدوري المصري,سيراميكا كليوباترا,بيراميدز,2 - 0,19:00
الدوري الإسباني,لاس بالماس,اتلتيكو مدريد,2 - 1,22:00
الدوري السعودي,الطــائي,الفيحاء,3 - 3,17:00
الدوري السعودي,الفتح,الهلال,0 - 2,17:00
الدوري السعودي,الشباب,الاتحاد,1 - 0,20:00
الدوري الإيطالي,بولونيا,لاتسيو,1 - 0,21:45
الدوري الألماني,دارمشتات,بوخوم,1 - 2,21:30
الدوري الفرنسي,باريس سان جيرمان,مونبيليه,3 - 0,22:00
الدوري المغربي,الشباب الرياضي السالمي,شباب المحمدية,2 - 2,21:30
الدوري التركي,جالاتا سراي,قاسم باشا,2 - 1,19:00
الدوري البرتغالي,بورتو,إستوريل,0 - 1,22:15
دوري نجوم قطر,الأهلي القطري,الشمال,1 - 2,16:30
دوري نجوم قطر,الوكرة,نادي قطر,1 - 0,16:30
دوري نجوم قطر,الغرافة,العربي,5 - 4,18:30
الدوري الإماراتي,نادي الامارات,حتا,2 - 4,14:45
الدوري الإماراتي,النصر الإماراتي,البطائح,0 - 2,14:45
الدوري الإماراتي,اتحاد كلباء,شباب الأهلي,1 - 3,17:30
الكونفيدرالية الإفريقية,سوبر سبورت,اتحاد العاصمة,0 - 2,15:00
الكونفيدرالية الإفريقية,أبو سليم,ساجرادا اسبيرانسا,1 - 0,15:00
الكونفيدرالية الإفريقية,الهلال الليبي,مودرن فيوتشر,1 - 2,18:00
الكونفيدرالية الإفريقية,دريمز,ريفرز يونايتد,2 - 1,18:00
الكونفيدرالية الإفريقية,أكاديميكا لوبيتو,الافريقي التونسي,1 - 3,18:00
الكونفيدرالية الإفريقية,ستاد مالي,نهضة بركان,1 - 2,18:00
الكونفيدرالية الإفريقية,سوار,الزمالك,0 - 4,21:00
الكونفيدرالية الإفريقية,سيخوخون يونايتد,ديابل نوار,2 - 1,21:00
الدوري الإنجليزي,بورنموث,أستون فيلا,2 - 2,16:00
الدوري الإنجليزي,وست هام يونايتد,كريستال بالاس,1 - 1,16:00
الدوري الإنجليزي,ليفربول,فولهام,4 - 3,16:00
الدوري الإنجليزي,تشيلسي,برايتون,3 - 2,16:00
الدوري الإنجليزي,مانشستر سيتي,توتنهام هوتسبر,3 - 3,18:30
الدوري الإسباني,مايوركا,ألافيس,0 - 0,15:00
الدوري الإسباني,الميريا,ريال بيتيس,0 - 0,17:15
الدوري الإسباني,اشبيلية,فياريال,1 - 1,19:30
الدوري الإسباني,برشلونة,اتلتيكو مدريد,1 - 0,22:00
الدوري الإيطالي,ليتشي,بولونيا,1 - 1,13:30
الدوري الإيطالي,فيورنتينا,ساليرنيتانا,3 - 0,16:00
الدوري الإيطالي,أودينيزي,هيلاس فيرونا,3 - 3,16:00
الدوري الإيطالي,ساسولو,روما,1 - 2,19:00
الدوري الإيطالي,نابولي,إنتر ميلان,0 - 3,21:45
الدوري الألماني,ماينز,فرايبورج,0 - 1,16:30
الدوري الألماني,باير ليفركوزن,بروسيا دورتموند,1 - 1,18:30
الدوري الألماني,أوجسبورج,آ. فرانكفورت,2 - 1,20:30
الدوري الفرنسي,لوهافر,باريس سان جيرمان,0 - 2,14:00
الدوري الفرنسي,تولوز,لوريان,1 - 1,16:00
الدوري الفرنسي,بريست,كليرمونت,3 - 0,16:00
الدوري الفرنسي,موناكو,مونبيليه,2 - 0,16:00
الدوري الفرنسي,ليل,ميتز,2 - 0,18:05
الدوري الفرنسي,مارسيليا,رين,2 - 0,21:45
الدوري التركي,قاسم باشا,غازي عنتاب بي.بي.كي,4 - 2,12:30
الدوري التركي,طرابزون سبور,قيصري سبور,0 - 1,15:00
الدوري التركي,أنقرة جوتشو,بشكتاش,1 - 1,18:00
الدوري البرتغالي,سبورتينج براجا,إستوريل,3 - 1,17:30
الدوري البرتغالي,موريرنسي,بنفيكا,0 - 0,20:00
الدوري البرتغالي,بوافيستا,أروكا,0 - 4,22:30
الدوري المصري,بيراميدز,مودرن فيوتشر,- - -,19:00
الدوري المصري,طلائع الجيش,المصري,- - -,19:00
الدوري الإنجليزي,كريستال بالاس,مانشستر يونايتد,- - -,22:00
الدوري السعودي,أهلي جدة,الهلال,- - -,21:00
الدوري الإيطالي,ساليرنيتانا,أتالانتا,- - -,19:00
الدوري الإيطالي,أودينيزي,نابولي,- - -,21:45
الدوري الفرنسي,ليل,ليون,- - -,22:00
الدوري التركي,انطاليا سبور,بينديكسبور,- - -,20:00
الدوري التركي,قونيا سبور,فنربخشة,- - -,20:00
الدوري الإماراتي,خورفكان,العين,- - -,17:05
الدوري الإماراتي,اتحاد كلباء,نادي الامارات,- - -,17:05
الدوري الإماراتي,البطائح,الوصل,- - -,19:45
الدوري الإماراتي,شباب الأهلي,الشــارقة,- - -,19:45
الدوري المصري,بيراميدز,مودرن فيوتشر,- - -,19:00
الدوري المصري,طلائع الجيش,المصري,- - -,19:00
الدوري الإنجليزي,كريستال بالاس,مانشستر يونايتد,- - -,22:00
الدوري السعودي,أهلي جدة,الهلال,- - -,21:00
الدوري الإيطالي,ساليرنيتانا,أتالانتا,- - -,19:00
الدوري الإيطالي,أودينيزي,نابولي,- - -,21:45
الدوري الفرنسي,ليل,ليون,- - -,22:00
الدوري التركي,انطاليا سبور,بينديكسبور,- - -,20:00
الدوري التركي,قونيا سبور,فنربخشة,- - -,20:00
الدوري الإماراتي,خورفكان,العين,- - -,17:05
الدوري الإماراتي,اتحاد كلباء,نادي الامارات,- - -,17:05
الدوري الإماراتي,البطائح,الوصل,- - -,19:45
الدوري الإماراتي,شباب الأهلي,الشــارقة,- - -,19:45
الدوري المصري,بيراميدز,مودرن فيوتشر,- - -,19:00
الدوري المصري,طلائع الجيش,المصري,- - -,19:00
الدوري الإنجليزي,كريستال بالاس,مانشستر يونايتد,- - -,22:00
الدوري السعودي,أهلي جدة,الهلال,- - -,21:00
الدوري الإيطالي,ساليرنيتانا,أتالانتا,- - -,19:00
الدوري الإيطالي,أودينيزي,نابولي,- - -,21:45
الدوري الفرنسي,ليل,ليون,- - -,22:00
الدوري التركي,انطاليا سبور,بينديكسبور,- - -,20:00
الدوري التركي,قونيا سبور,فنربخشة,- - -,20:00
الدوري الإماراتي,خورفكان,العين,- - -,17:05
الدوري الإماراتي,اتحاد كلباء,نادي الامارات,- - -,17:05
الدوري الإماراتي,البطائح,الوصل,- - -,19:45
الدوري الإماراتي,شباب الأهلي,الشــارقة,- - -,19:45
الدوري المصري,بيراميدز,مودرن فيوتشر,- - -,19:00
الدوري المصري,طلائع الجيش,المصري,- - -,19:00
الدوري الإنجليزي,كريستال بالاس,مانشستر يونايتد,- - -,22:00
الدوري السعودي,أهلي جدة,الهلال,- - -,21:00
الدوري الإيطالي,ساليرنيتانا,أتالانتا,- - -,19:00
الدوري الإيطالي,أودينيزي,نابولي,- - -,21:45
الدوري الفرنسي,ليل,ليون,- - -,22:00
الدوري التركي,انطاليا سبور,بينديكسبور,- - -,20:00
الدوري التركي,قونيا سبور,فنربخشة,- - -,20:00
الدوري الإماراتي,خورفكان,العين,- - -,17:05
الدوري الإماراتي,اتحاد كلباء,نادي الامارات,- - -,17:05
الدوري الإماراتي,البطائح,الوصل,- - -,19:45
الدوري الإماراتي,شباب الأهلي,الشــارقة,- - -,19:45
الدوري المصري,بيراميدز,مودرن فيوتشر,- - -,19:00
الدوري المصري,طلائع الجيش,المصري,- - -,19:00
الدوري الإنجليزي,كريستال بالاس,مانشستر يونايتد,- - -,22:00
الدوري السعودي,أهلي جدة,الهلال,- - -,21:00
الدوري الإيطالي,ساليرنيتانا,أتالانتا,- - -,19:00
الدوري الإيطالي,أودينيزي,نابولي,- - -,21:45
الدوري الفرنسي,ليل,ليون,- - -,22:00
الدوري التركي,انطاليا سبور,بينديكسبور,- - -,20:00
الدوري التركي,قونيا سبور,فنربخشة,- - -,20:00
الدوري الإماراتي,خورفكان,العين,- - -,17:05
الدوري الإماراتي,اتحاد كلباء,نادي الامارات,- - -,17:05
الدوري الإماراتي,البطائح,الوصل,- - -,19:45
الدوري الإماراتي,شباب الأهلي,الشــارقة,- - -,19:45
الدوري المصري,بيراميدز,مودرن فيوتشر,- - -,19:00
الدوري المصري,طلائع الجيش,المصري,- - -,19:00
الدوري الإنجليزي,كريستال بالاس,مانشستر يونايتد,- - -,22:00
الدوري السعودي,أهلي جدة,الهلال,- - -,21:00
الدوري الإيطالي,ساليرنيتانا,أتالانتا,- - -,19:00
الدوري الإيطالي,أودينيزي,نابولي,- - -,21:45
الدوري الفرنسي,ليل,ليون,- - -,22:00
الدوري التركي,انطاليا سبور,بينديكسبور,- - -,20:00
الدوري التركي,قونيا سبور,فنربخشة,- - -,20:00
الدوري الإماراتي,خورفكان,العين,- - -,17:05
الدوري الإماراتي,اتحاد كلباء,نادي الامارات,- - -,17:05
الدوري الإماراتي,البطائح,الوصل,- - -,19:45
الدوري الإماراتي,شباب الأهلي,الشــارقة,- - -,19:45
الدوري المصري,بيراميدز,مودرن فيوتشر,- - -,19:00
الدوري المصري,طلائع الجيش,المصري,- - -,19:00
الدوري الإنجليزي,كريستال بالاس,مانشستر يونايتد,- - -,22:00
الدوري السعودي,أهلي جدة,الهلال,- - -,21:00
الدوري الإيطالي,ساليرنيتانا,أتالانتا,- - -,19:00
الدوري الإيطالي,أودينيزي,نابولي,- - -,21:45
الدوري الفرنسي,ليل,ليون,- - -,22:00
الدوري التركي,انطاليا سبور,بينديكسبور,- - -,20:00
الدوري التركي,قونيا سبور,فنربخشة,- - -,20:00
الدوري الإماراتي,خورفكان,العين,- - -,17:05
الدوري الإماراتي,اتحاد كلباء,نادي الامارات,- - -,17:05
الدوري الإماراتي,البطائح,الوصل,- - -,19:45
الدوري الإماراتي,شباب الأهلي,الشــارقة,- - -,19:45
الدوري المصري,بيراميدز,مودرن فيوتشر,- - -,19:00
الدوري المصري,طلائع الجيش,المصري,- - -,19:00
الدوري الإنجليزي,كريستال بالاس,مانشستر يونايتد,- - -,22:00
الدوري السعودي,أهلي جدة,الهلال,- - -,21:00
الدوري الإيطالي,ساليرنيتانا,أتالانتا,- - -,19:00
الدوري الإيطالي,أودينيزي,نابولي,- - -,21:45
الدوري الفرنسي,ليل,ليون,- - -,22:00
الدوري التركي,انطاليا سبور,بينديكسبور,- - -,20:00
الدوري التركي,قونيا سبور,فنربخشة,- - -,20:00
الدوري الإماراتي,خورفكان,العين,- - -,17:05
الدوري الإماراتي,اتحاد كلباء,نادي الامارات,- - -,17:05
الدوري الإماراتي,البطائح,الوصل,- - -,19:45
الدوري الإماراتي,شباب الأهلي,الشــارقة,- - -,19:45
الدوري المصري,بيراميدز,مودرن فيوتشر,- - -,19:00
الدوري المصري,طلائع الجيش,المصري,- - -,19:00
الدوري الإنجليزي,كريستال بالاس,مانشستر يونايتد,- - -,22:00
الدوري السعودي,أهلي جدة,الهلال,- - -,21:00
الدوري الإيطالي,ساليرنيتانا,أتالانتا,- - -,19:00
الدوري الإيطالي,أودينيزي,نابولي,- - -,21:45
الدوري الفرنسي,ليل,ليون,- - -,22:00
الدوري التركي,انطاليا سبور,بينديكسبور,- - -,20:00
الدوري التركي,قونيا سبور,فنربخشة,- - -,20:00
الدوري الإماراتي,خورفكان,العين,- - -,17:05
الدوري الإماراتي,اتحاد كلباء,نادي الامارات,- - -,17:05
الدوري الإماراتي,البطائح,الوصل,- - -,19:45
الدوري الإماراتي,شباب الأهلي,الشــارقة,- - -,19:45
